{
  "language_tag": "en",
  "region_code": "CA",
  "novice": true,
  "ui": {
    "theme": "light",
    "auto_orientation": false,
    "disable_font_scaler": false,
    "hide_after_launch": false
  },
  "ui_screen": {
    "home_show_myprofiles": true,
    "home_show_addprofile": true,
    "home_show_dns": true,
    "home_show_deversion": true,
    "home_show_netcheck": true,
    "home_show_speedtest": true,
    "home_show_mylink": true,
    "home_show_appletv": false,
    "hide_invalid_server_my_profiles": true,
    "hide_invalid_server_select_server": false,
    "hide_invalid_server_diversion_rules": false,
    "sort_server_my_profiles": true,
    "sort_server_select_server": false,
    "sort_server_diversion_rules": false,
    "select_server_hide_recommand": false,
    "select_server_hide_recent": false,
    "select_server_hide_fav": false,
    "hide_unused_diversion_group": false,
    "my_link": ""
  },
  "ntp": {
    "enable": false,
    "server": "time.windows.com"
  },
  "proxy": {
    "enable_cluster": false,
    "host": "127.0.0.1",
    "cluster_host": "127.0.0.1",
    "mixed_port": 3067,
    "mixed_direct_port": 3065,
    "mixed_forword_port": 3066,
    "control_port": 3057,
    "cluster_port": 3050,
    "auto_set_system_proxy": false,
    "disconnect_when_quit": false
  },
  "tun": {
    "enable": true,
    "stack": "gvisor",
    "udp_timeout": 60,
    "mtu": 9000,
    "auto_route": true,
    "strict_route": false,
    "append_http_proxy": false,
    "allow_bypass": false
  },
  "dns": {
    "ttl": 43200,
    "enable_rule": false,
    "test_domain": "gstatic.com",
    "enable_client_subnet": true,
    "enable_inbound_domain_resolve": false,
    "enable_static_ip": false,
    "proxy_resolve_mode": "proxy",
    "resolver_addresses": [
      "local",
      "https://1.1.1.1/dns-query"
    ],
    "outbound_addresses": [
      "local",
      "udp://8.8.8.8"
    ],
    "direct_addresses": [
      "local",
      "udp://8.8.8.8"
    ],
    "proxy_addresses": [
      "https://1.1.1.1/dns-query",
      "https://dns.google/dns-query"
    ],
    "client_subnet": "108.180.20.204",
    "client_subnet_latest_update": "2025-02-13 21:31:39.970168",
    "static_ips": {},
    "list": []
  },
  "tls": {
    "enable_insecure": false,
    "enable_fragment": false,
    "fragment_size": "1-256",
    "fragment_sleep": "0-1000",
    "enable_mixed_case_sni": false,
    "enable_padding": false,
    "padding_size": "1-1500"
  },
  "mux": {
    "enable": false,
    "padding": false,
    "protocol": "h2mux",
    "max_streams": 8,
    "outbound_types": []
  },
  "sniff": {
    "enable": true,
    "override_destination": false
  },
  "rule_sets": {
    "enable_geosite": true,
    "enable_geoip": true,
    "enable_acl": true,
    "auto_append_region_geosite": true,
    "auto_append_region_geoip": true,
    "use_remote_geosite": false,
    "use_remote_geoip": false,
    "use_remote_acl": false,
    "disable_custom_diversion_group": false,
    "disable_isp_diversion_group": false
  },
  "perapp": {
    "enable": true,
    "is_include": true,
    "list_android": [],
    "list_macos": [],
    "hide_system_app": true,
    "hide_app_icon": false
  },
  "auto_select": {
    "interval": 28800,
    "prioritize_my_fav": false,
    "filter": false,
    "limited_num": 200,
    "retest_if_network_udpate": false,
    "update_current_server_after_manual_urltest": true,
    "ignore_perproxy_server": false
  },
  "warp": {
    "license": ""
  },
  "webdav": {
    "url": "",
    "user": "",
    "password": ""
  },
  "auto_backup": {
    "add_profile": true,
    "remove_profile": false
  },
  "ads": {
    "banner_enable": false,
    "banner_reward_ad_expire": "",
    "banner_share_expire": ""
  },
  "auto_connect_after_launch": true,
  "ip_strategy": "ipv4_only",
  "proxy_all": false,
  "front_proxy": [],
  "private_direct": true,
  "quit_when_switch_systemUser": false,
  "alway_on": false,
  "time_connect": null,
  "time_disconnect": null,
  "disable_ua_report": false,
  "user_agents": [],
  "speed_test_list": [],
  "speed_test": "https://speed.cloudflare.com/",
  "url_test_list": [],
  "url_test_timeout": 8,
  "url_test": "https://www.gstatic.com/generate_204",
  "latency_check_resove_ip": false,
  "auto_update_channel": "stable",
  "origin_sb_profile": ""
}