{
  "items": [
    {
      "groupid": "custom",
      "urlOrPath": "",
      "remark": "Custom",
      "editAble": true,
      "groups": [
        {
          "groupid": "custom",
          "name": "🍎 Apple",
          "type": "",
          "or": true,
          "rule_set_build_in": [
            "geosite:apple",
            "geosite:apple-ads",
            "geosite:apple-dev",
            "geosite:apple-pki",
            "geosite:apple-update"
          ]
        }
      ]
    }
  ],
  "rule_set_items": []
}