{
  "items": [
    {
      "groupid": "custom",
      "urlOrPath": "",
      "remark": "Custom",
      "editAble": true,
      "groups": []
    },
    {
      "groupid": "741a5719-8466-46f8-be56-8c200fec5278",
      "urlOrPath": "",
      "remark": "Serv00xCF vmess",
      "editAble": false,
      "groups": []
    },
    {
      "groupid": "a423433f-6e90-48ca-8680-61c5f710491b",
      "urlOrPath": "",
      "remark": "vless2.CF",
      "editAble": false,
      "groups": []
    },
    {
      "groupid": "fda42d57-56a7-4f32-843b-953a332d0c3e",
      "urlOrPath": "https://vless.ninemui.top/9mui.v2ray",
      "remark": "9mui.v2ray",
      "editAble": false,
      "groups": []
    },
    {
      "groupid": "12558805-ed68-4e0e-8fe8-3aa46c1abe8a",
      "urlOrPath": "https://raw.githubusercontent.com/itsyebekhe/HiN-VPN/main/subscription/hiddify/mix",
      "remark": "HiN VPN",
      "editAble": false,
      "groups": []
    },
    {
      "groupid": "8f2c69f6-bb41-4566-b42e-b57c6ffcdfc1",
      "urlOrPath": "https://raw.githubusercontent.com/aiboboxx/v2rayfree/main/v2",
      "remark": "v2rayfree",
      "editAble": false,
      "groups": []
    }
  ],
  "rule_set_items": []
}