{
  "language_tag": "en",
  "region_code": "CN",
  "novice": false,
  "ui": {
    "theme": "dark",
    "disable_font_scaler": false,
    "hide_after_launch": false
  },
  "ui_screen": {
    "home_show_myprofiles": true,
    "home_show_addprofile": true,
    "home_show_dns": true,
    "home_show_deversion": true,
    "home_show_netcheck": true,
    "home_show_speedtest": true,
    "home_show_mylink": true,
    "hide_invalid_server_my_profiles": true,
    "hide_invalid_server_select_server": true,
    "hide_invalid_server_diversion_rules": true,
    "sort_server_my_profiles": true,
    "sort_server_select_server": true,
    "sort_server_diversion_rules": true,
    "select_server_hide_recommand": false,
    "select_server_hide_recent": false,
    "select_server_hide_fav": false,
    "hide_unused_diversion_group": false,
    "my_link": ""
  },
  "webdav": {
    "url": "",
    "user": "",
    "password": ""
  },
  "proxy": {
    "enable_cluster": false,
    "host": "127.0.0.1",
    "cluster_host": "127.0.0.1",
    "mixed_port": 3067,
    "mixed_direct_port": 3065,
    "mixed_forword_port": 3066,
    "control_port": 3057,
    "cluster_port": 3050,
    "auto_set_system_proxy": false,
    "disconnect_when_quit": false
  },
  "tun": {
    "enable": true,
    "stack": "gvisor",
    "udp_timeout": 15,
    "mtu": 9000,
    "auto_route": true,
    "strict_route": false,
    "append_http_proxy": true,
    "allow_bypass": false
  },
  "dns": {
    "enable_rule": false,
    "test_domain": "gstatic.com",
    "enable_fake_ip": true,
    "enable_proxy_resolve_by_proxy": true,
    "enable_final_resolve_by_proxy": true,
    "enable_inbound_domain_resolve": true,
    "enable_static_ip": false,
    "resolver": "local",
    "outbound": "local",
    "direct": "local",
    "proxy": "https://1.1.1.1/dns-query",
    "final": "https://1.1.1.1/dns-query",
    "static_ips": {},
    "list": []
  },
  "tls": {
    "enable_insecure": false,
    "enable_fragment": false,
    "fragment_size": "1-256",
    "fragment_sleep": "0-1000",
    "enable_mixed_case_sni": false,
    "enable_padding": false,
    "padding_size": "1-1500"
  },
  "mux": {
    "enable": false,
    "padding": false,
    "protocol": "h2mux",
    "max_streams": 8,
    "outbound_types": []
  },
  "sniff": {
    "enable": true,
    "override_destination": false
  },
  "rule_sets": {
    "enable_geosite": true,
    "enable_geoip": true,
    "enable_acl": true,
    "use_remote_geosite": false,
    "use_remote_geoip": false,
    "use_remote_acl": false,
    "geosite_apple_direct": false,
    "disable_isp_diversion_group": false
  },
  "perapp": {
    "enable": true,
    "is_include": true,
    "list": [],
    "hide_system_app": true,
    "hide_app_icon": false
  },
  "auto_select": {
    "interval": 3600,
    "prioritize_my_fav": false,
    "filter": true,
    "limited_num": 200,
    "retest_if_network_udpate": true,
    "update_current_server_after_manual_urltest": true
  },
  "ntp": false,
  "auto_connect_after_launch": true,
  "download_profile_prefer_proxy": false,
  "ip_strategy": "ipv4_only",
  "proxy_all": false,
  "front_proxy": "",
  "private_direct": true,
  "quit_when_switch_systemUser": false,
  "time_connect": null,
  "time_disconnect": null,
  "disable_ua_report": false,
  "speed_test_list": [],
  "speed_test": "https://speed.cloudflare.com/",
  "url_test_list": [],
  "url_test": "https://www.gstatic.com/generate_204",
  "auto_update_channel": "beta",
  "origin_sb_profile": ""
}